Timestamp,User Count,Type,Name,Requests/s,Failures/s,50%,66%,75%,80%,90%,95%,98%,99%,99.9%,99.99%,100%,Total Request Count,Total Failure Count,Total Median Response Time,Total Average Response Time,Total Min Response Time,Total Max Response Time,Total Average Content Size
1786336759,0,,Aggregated,0.000000,0.000000,N/A,N/A,N/A,N/A,N/A,N/A,N/A,N/A,N/A,N/A,N/A,0,0,0,0.0,0,0,0
1786336760,2,,Aggregated,0.000000,0.000000,86,120,120,680,680,680,680,680,680,680,680,10,0,82,195.04688000088208,16.566700003750157,679.0614999990794,184.8
1786336761,6,,Aggregated,0.000000,0.000000,100,120,130,560,680,680,680,680,680,680,680,20,0,86,184.09331500042754,6.720799996401183,679.0614999990794,184.8
1786336762,8,,Aggregated,0.000000,0.000000,100,110,130,480,560,680,680,680,680,680,680,30,0,100,174.77762666676426,6.720799996401183,679.0614999990794,184.8
1786336763,10,,Aggregated,8.000000,0.000000,83,110,130,480,560,630,680,680,680,680,680,44,0,82,175.14954772774547,6.720799996401183,679.0614999990794,183.20454545454547
1786336764,12,,Aggregated,10.000000,0.000000,92,110,130,480,560,630,680,680,680,680,680,57,0,92,183.5088175443193,6.720799996401183,679.0614999990794,181.71929824561403
1786336765,14,,Aggregated,10.000000,0.000000,100,140,300,420,560,630,680,680,680,680,680,67,0,100,198.86836417941566,6.720799996401183,679.0614999990794,186.62686567164178
1786336766,16,,Aggregated,11.000000,0.000000,110,270,360,420,560,620,680,680,680,680,680,83,0,110,222.47718795192503,6.720799996401183,679.0614999990794,181.93975903614458
1786336767,18,,Aggregated,11.166667,0.000000,140,300,420,490,570,630,680,780,780,780,780,96,0,130,243.93590937514395,6.720799996401183,784.0624999953434,181.22916666666666
1786336768,20,,Aggregated,11.857143,0.000000,210,370,530,540,570,680,780,780,1000,1000,1000,115,0,210,285.27653391312293,6.720799996401183,1003.242799997679,180.36521739130436
1786336769,22,,Aggregated,11.875000,0.000000,240,370,530,560,630,680,790,790,1000,1000,1000,135,0,240,299.98658444453247,6.720799996401183,1003.242799997679,179.17037037037036
1786336770,24,,Aggregated,11.875000,0.000000,250,410,540,560,680,780,850,850,1000,1000,1000,146,0,250,317.5172212329627,6.720799996401183,1003.242799997679,182.3013698630137
1786336771,26,,Aggregated,12.666667,0.000000,330,490,560,570,750,780,850,1000,1100,1100,1100,164,0,300,351.5431451219561,6.720799996401183,1106.1312000019825,181.71951219512195
1786336772,28,,Aggregated,13.000000,0.000000,350,520,570,630,780,850,860,1000,1100,1100,1100,172,0,350,374.95243604656895,6.720799996401183,1106.1312000019825,179.81976744186048
1786336773,30,,Aggregated,13.800000,0.000000,360,550,630,750,850,880,1300,1600,1600,1600,1600,185,0,360,424.0202535135747,6.720799996401183,1597.8879000031156,180.57297297297296
1786336774,32,,Aggregated,14.400000,0.000000,420,570,750,830,1000,1300,1400,1600,1600,1600,1600,199,0,420,482.0637924624967,6.720799996401183,1597.8879000031156,180.36180904522612
1786336775,34,,Aggregated,14.200000,0.000000,490,680,850,860,1200,1400,1700,1800,1900,1900,1900,215,0,490,550.5532288373256,6.720799996401183,1930.2935999949113,181.93488372093023
1786336776,36,,Aggregated,14.700000,0.000000,520,750,860,1000,1400,1700,2000,2000,2200,2200,2200,227,0,520,613.4229268723435,6.720799996401183,2195.422199998575,182.12334801762114
1786336777,38,,Aggregated,14.800000,0.000000,560,850,1000,1200,1700,2000,2200,2200,2500,2500,2500,247,0,560,710.452300404846,6.720799996401183,2501.9522000002326,181.80566801619435
1786336778,40,,Aggregated,14.800000,0.000000,610,890,1200,1300,1800,2100,2200,2300,2500,2500,2500,268,0,610,770.6030070895571,6.720799996401183,2501.9522000002326,181.91044776119404
1786336779,42,,Aggregated,15.000000,0.000000,680,970,1300,1400,1800,2000,2200,2300,2500,2500,2500,287,0,680,818.5514717770275,6.720799996401183,2501.9522000002326,180.4808362369338
1786336780,44,,Aggregated,15.400000,0.000000,750,1100,1300,1500,1800,2000,2200,2300,2500,2500,2500,310,0,750,850.338310645161,6.720799996401183,2501.9522000002326,179.8548387096774
1786336781,46,,Aggregated,15.500000,0.000000,790,1100,1400,1500,1800,2000,2200,2300,2500,2500,2500,338,0,790,871.7818615384887,6.720799996401183,2501.9522000002326,179.94082840236686
1786336782,48,,Aggregated,16.000000,0.000000,850,1100,1400,1600,1800,2000,2200,2300,2500,2500,2500,354,0,850,897.2403019774002,6.720799996401183,2501.9522000002326,178.77118644067798
1786336783,50,,Aggregated,16.300000,0.000000,860,1200,1400,1600,1800,1900,2200,2300,2500,2500,2500,370,0,860,920.1149183783461,6.720799996401183,2501.9522000002326,179.43513513513514
1786336784,52,,Aggregated,17.600000,0.000000,870,1200,1400,1600,1800,2000,2200,2300,2500,2500,2500,377,0,870,936.1861236074043,6.720799996401183,2501.9522000002326,179.55702917771885
1786336785,54,,Aggregated,17.700000,0.000000,900,1300,1600,1600,1900,2200,2400,2500,2500,2500,2500,397,0,900,992.3373697733114,6.720799996401183,2535.0935000024037,179.32241813602016
1786336786,56,,Aggregated,17.500000,0.000000,950,1300,1600,1700,1900,2200,2500,2500,2900,2900,2900,404,0,920,1017.6984551980249,6.720799996401183,2912.0426000008592,179.60148514851485
1786336787,58,,Aggregated,17.500000,0.000000,950,1300,1600,1700,1900,2200,2500,2600,3400,3400,3400,405,0,950,1023.5532207407501,6.720799996401183,3388.878500001738,179.2567901234568
1786336788,60,,Aggregated,17.900000,0.000000,980,1400,1700,1800,2300,3000,3600,3800,4200,4200,4200,432,0,980,1170.1228446759665,6.720799996401183,4227.204499999061,180.27083333333334
1786336789,62,,Aggregated,16.000000,0.000000,1000,1500,1700,1900,2500,3200,3700,3900,4200,4200,4200,442,0,1000,1215.5472825792317,6.720799996401183,4227.204499999061,180.03619909502262
1786336790,64,,Aggregated,15.200000,0.000000,1100,1500,1800,1900,2600,3400,3700,4000,5100,5100,5100,446,0,1100,1238.4621421525096,6.720799996401183,5086.809600004926,179.92152466367713
1786336791,66,,Aggregated,15.600000,0.000000,1100,1600,1900,2200,3000,3600,4200,4800,5100,5100,5100,482,0,1100,1402.491571576826,6.720799996401183,5086.809600004926,180.32157676348547
1786336792,68,,Aggregated,13.600000,0.000000,1200,1700,2000,2300,3200,3700,4300,4800,5100,5100,5100,490,0,1200,1437.0798704082392,6.720799996401183,5086.809600004926,179.9469387755102
1786336793,70,,Aggregated,14.300000,0.000000,1300,1800,2200,2400,3400,3900,4300,4800,5100,5100,5100,521,1,1300,1506.488371785111,6.720799996401183,5086.809600004926,180.43761996161228
1786336794,72,,Aggregated,13.500000,0.000000,1400,1800,2200,2600,3400,3800,4200,4800,5100,5100,5100,552,1,1400,1552.813130253723,6.720799996401183,5086.809600004926,179.04528985507247
1786336795,74,,Aggregated,14.900000,0.000000,1400,1800,2200,2600,3400,3800,4200,4800,5100,5100,5100,559,1,1400,1560.2280765653984,6.720799996401183,5086.809600004926,179.1252236135957
1786336796,76,,Aggregated,17.000000,0.100000,1500,1900,2300,2800,3200,3800,4200,4800,5100,5100,5100,588,1,1500,1604.1067232994342,6.720799996401183,5086.809600004926,178.49489795918367
1786336797,78,,Aggregated,16.300000,0.100000,1500,1900,2400,2800,3400,3800,4200,4800,5100,5100,5100,598,1,1500,1627.128852006799,6.720799996401183,5086.809600004926,178.18227424749165
1786336798,80,,Aggregated,18.800000,0.100000,1600,2100,2500,2800,3400,3800,4200,4700,5100,5100,5100,625,1,1600,1684.647453600085,6.720799996401183,5086.809600004926,178.0752
1786336799,82,,Aggregated,18.800000,0.100000,1600,2100,2500,2800,3500,3800,4200,4700,5100,5100,5100,627,1,1600,1691.3767609251202,6.720799996401183,5086.809600004926,178.32057416267943
1786336800,84,,Aggregated,19.100000,0.100000,1600,2200,2700,2900,3600,3900,4200,4700,5100,5100,5100,663,1,1600,1767.022757616917,6.720799996401183,5086.809600004926,178.92307692307693
1786336801,86,,Aggregated,18.500000,0.100000,1600,2200,2700,2900,3600,3900,4200,4700,5100,5100,5100,665,1,1600,1770.8692590977703,6.720799996401183,5086.809600004926,179.0466165413534
1786336802,88,,Aggregated,18.500000,0.100000,1600,2200,2700,2900,3600,3900,4300,4700,5100,5100,5100,667,1,1600,1778.7619650674924,6.720799996401183,5086.809600004926,178.62968515742128
1786336803,90,,Aggregated,19.300000,0.100000,1700,2200,2800,3000,3700,4100,4800,5300,5800,5800,5800,680,1,1700,1836.6638819117811,6.720799996401183,5790.661999999429,178.93382352941177
1786336804,92,,Aggregated,18.400000,0.100000,1800,2400,2900,3200,3900,4300,5100,5500,5800,5800,5800,710,1,1800,1951.5061371831532,6.720799996401183,5790.661999999429,179.06901408450705
1786336805,94,,Aggregated,15.600000,0.100000,1800,2400,2900,3200,3900,4300,5200,5500,5800,5800,5800,713,1,1800,1961.4004702665354,6.720799996401183,5790.661999999429,178.98877980364657
1786336806,96,,Aggregated,15.600000,0.100000,1800,2400,2900,3200,3900,4300,5200,5500,5800,5800,5800,713,1,1800,1961.4004702665354,6.720799996401183,5790.661999999429,178.98877980364657
1786336807,98,,Aggregated,16.200000,0.000000,1800,2400,2900,3200,3900,4400,5200,5500,7000,7000,7000,714,1,1800,1968.4449063025766,6.720799996401183,6991.127799999958,178.7941176470588
1786336808,100,,Aggregated,12.600000,0.000000,1900,2800,3300,3700,4400,5500,7300,8000,8300,8300,8300,764,1,1800,2245.213385078565,6.720799996401183,8333.684299999732,179.58115183246073
1786336809,100,,Aggregated,12.600000,0.000000,1900,2800,3400,3700,4600,5800,7300,8000,8300,8300,8300,773,1,1900,2285.2401071151667,6.720799996401183,8333.684299999732,179.98188874514878
1786336810,100,,Aggregated,12.100000,0.000000,1900,2800,3500,3800,4800,6100,7300,8000,8300,8300,8300,784,1,1900,2341.3906756377937,6.720799996401183,8333.684299999732,179.2372448979592
1786336811,100,,Aggregated,14.700000,0.000000,2000,3000,3600,3900,5200,6500,7200,8000,8300,8300,8300,828,1,2000,2462.013728381667,6.720799996401183,8333.684299999732,180.05314009661836
1786336812,100,,Aggregated,12.700000,0.000000,2100,3000,3600,3900,5100,6500,7200,8000,8300,8300,8300,835,1,2100,2474.580280958109,6.720799996401183,8333.684299999732,180.43473053892217
1786336813,100,,Aggregated,14.900000,0.000000,2200,3100,3700,4100,5300,6500,7100,8000,8300,8300,8300,886,1,2200,2580.3001451467376,6.720799996401183,8333.684299999732,179.12076749435667
1786336814,100,,Aggregated,16.400000,0.000000,2200,3100,3700,4100,5300,6500,7100,8000,8300,8300,8300,891,1,2200,2582.3056762065216,6.720799996401183,8333.684299999732,179.14814814814815
1786336815,100,,Aggregated,16.400000,0.000000,2200,3100,3700,4100,5300,6500,7100,8000,8300,8300,8300,892,1,2200,2582.2957110986645,6.720799996401183,8333.684299999732,179.19394618834082
1786336816,100,,Aggregated,18.200000,0.000000,2200,3100,3700,4100,5300,6500,7100,8000,8300,8300,8300,896,1,2200,2590.3098747767863,6.720799996401183,8333.684299999732,178.97433035714286
1786336817,100,,Aggregated,18.100000,0.000000,2400,3400,3900,4400,5700,6400,7100,7700,8300,8300,8300,957,1,2400,2731.658380250778,6.720799996401183,8333.684299999732,177.18599791013585
1786336818,100,,Aggregated,17.900000,0.000000,2500,3400,3900,4400,5600,6300,7100,7700,8300,8300,8300,964,1,2500,2744.203757157655,6.720799996401183,8333.684299999732,176.6856846473029
1786336819,100,,Aggregated,19.800000,0.000000,2600,3400,3900,4400,5700,6300,7100,7700,8300,8300,8300,983,2,2600,2761.090605595092,6.720799996401183,8333.684299999732,176.3204476093591
1786336820,100,,Aggregated,23.200000,0.000000,2700,3400,3900,4400,5700,6300,7000,7700,8200,8300,8300,1019,2,2700,2790.618089892028,6.720799996401183,8333.684299999732,176.97448478900884
1786336821,100,,Aggregated,19.800000,0.100000,2700,3400,3900,4400,5600,6300,7000,7700,8200,8300,8300,1036,2,2700,2800.82593474901,6.720799996401183,8333.684299999732,176.51833976833976
1786336822,100,,Aggregated,19.900000,0.100000,2700,3400,3900,4400,5600,6200,7000,7700,8200,8300,8300,1065,2,2700,2801.2144624412804,6.720799996401183,8333.684299999732,176.5136150234742
1786336823,100,,Aggregated,22.000000,0.100000,2700,3400,3900,4300,5600,6200,7000,7700,8200,8300,8300,1080,2,2700,2796.5987941666353,6.720799996401183,8333.684299999732,176.25555555555556
1786336824,100,,Aggregated,23.300000,0.100000,2700,3400,3900,4300,5600,6100,7000,7600,8200,8300,8300,1113,2,2700,2808.4353496855,6.720799996401183,8333.684299999732,175.4950584007188
1786336825,100,,Aggregated,23.500000,0.100000,2700,3400,3900,4300,5600,6100,7000,7600,8200,8300,8300,1119,2,2700,2809.9916486147963,6.720799996401183,8333.684299999732,175.51742627345845
1786336826,100,,Aggregated,19.800000,0.100000,2700,3400,3900,4300,5600,6100,7000,7600,8200,8300,8300,1126,2,2700,2813.285443605635,6.720799996401183,8333.684299999732,175.31438721136766
1786336827,100,,Aggregated,19.800000,0.100000,2700,3400,3900,4300,5600,6100,7000,7600,8200,8300,8300,1126,2,2700,2813.285443605635,6.720799996401183,8333.684299999732,175.31438721136766
1786336828,100,,Aggregated,19.800000,0.100000,2700,3400,3900,4300,5600,6100,7000,7600,8200,8300,8300,1126,2,2700,2813.285443605635,6.720799996401183,8333.684299999732,175.31438721136766
1786336829,100,,Aggregated,22.900000,0.100000,2800,3600,4100,4500,5700,6300,7000,7600,8200,8300,8300,1173,2,2800,2913.306255498706,6.720799996401183,8333.684299999732,175.37510656436487
1786336830,100,,Aggregated,22.900000,0.100000,2800,3600,4100,4500,5700,6300,7000,7600,8200,8300,8300,1173,2,2800,2913.306255498706,6.720799996401183,8333.684299999732,175.37510656436487
1786336831,100,,Aggregated,20.200000,0.000000,2800,3700,4200,4600,5700,6400,7000,7600,8200,8300,8300,1185,2,2800,2943.127835443036,6.720799996401183,8333.684299999732,175.04135021097048
1786336832,100,,Aggregated,20.200000,0.000000,2800,3700,4200,4600,5700,6400,7000,7600,8200,8300,8300,1185,2,2800,2943.127835443036,6.720799996401183,8333.684299999732,175.04135021097048
1786336833,100,,Aggregated,20.200000,0.000000,2800,3700,4200,4600,5700,6400,7000,7600,8200,8300,8300,1185,2,2800,2943.127835443036,6.720799996401183,8333.684299999732,175.04135021097048
1786336834,100,,Aggregated,12.100000,0.000000,2800,3700,4200,4700,5700,6400,7000,7700,8300,9800,9800,1188,2,2800,2952.7762140572345,6.720799996401183,9803.420500000357,175.003367003367
1786336835,100,,Aggregated,10.900000,0.000000,2900,3800,4500,5000,6200,6900,8400,9700,10000,10000,10000,1244,2,2900,3178.5255390675156,6.720799996401183,10405.408600003284,176.13665594855306
1786336836,100,,Aggregated,10.900000,0.000000,2900,3800,4500,5000,6200,6900,8400,9700,10000,10000,10000,1244,2,2900,3178.5255390675156,6.720799996401183,10405.408600003284,176.13665594855306
1786336837,100,,Aggregated,7.900000,0.000000,2900,3900,4500,5000,6300,7000,8400,9700,10000,10000,10000,1254,2,2900,3210.056008452929,6.720799996401183,10405.408600003284,175.91228070175438
1786336838,100,,Aggregated,7.900000,0.000000,2900,3900,4500,5000,6300,7000,8400,9700,10000,10000,10000,1254,2,2900,3210.056008452929,6.720799996401183,10405.408600003284,175.91228070175438
1786336839,100,,Aggregated,12.300000,0.000000,2900,3900,4600,5100,6400,7100,9300,10000,10000,11000,11000,1266,2,2900,3264.1156075829067,6.720799996401183,10600.365300000703,175.4036334913112
1786336840,100,,Aggregated,12.800000,0.000000,3000,4000,4700,5200,6500,7600,9500,10000,10000,11000,11000,1314,2,3000,3361.554490867566,6.720799996401183,10600.365300000703,176.35768645357686
1786336841,100,,Aggregated,8.100000,0.000000,3000,4000,4700,5300,6500,7600,9500,10000,10000,11000,11000,1324,3,3000,3370.3339484138965,6.720799996401183,10600.365300000703,175.95392749244712
1786336842,100,,Aggregated,13.900000,0.000000,3000,4000,4700,5300,6500,7600,9400,10000,10000,11000,11000,1387,3,3000,3395.4848542177765,6.720799996401183,10600.365300000703,174.7685652487383
1786336843,100,,Aggregated,13.500000,0.100000,3000,4000,4700,5300,6500,7600,9400,10000,10000,11000,11000,1395,3,3000,3389.306922222265,6.720799996401183,10600.365300000703,174.7698924731183
1786336844,100,,Aggregated,15.900000,0.100000,2900,3900,4500,5100,6500,7300,9100,10000,10000,11000,11000,1496,3,2900,3292.6238739305304,6.720799996401183,10600.365300000703,172.74532085561498
1786336845,100,,Aggregated,20.200000,0.100000,2900,3900,4500,5000,6400,7200,9100,10000,10000,11000,11000,1533,3,2900,3234.456611024178,6.720799996401183,10600.365300000703,172.67123287671234
1786336846,100,,Aggregated,24.700000,0.100000,2900,3800,4500,5000,6400,7100,9100,10000,10000,11000,11000,1556,3,2900,3205.546594023191,6.720799996401183,10600.365300000703,172.69280205655528
1786336847,100,,Aggregated,30.700000,0.100000,2800,3800,4500,4900,6400,7100,9100,10000,10000,11000,11000,1573,3,2800,3183.986254799801,6.720799996401183,10600.365300000703,172.66751430387794
1786336848,100,,Aggregated,30.700000,0.100000,2800,3800,4500,4900,6400,7100,9100,10000,10000,11000,11000,1573,3,2800,3183.986254799801,6.720799996401183,10600.365300000703,172.66751430387794
1786336849,100,,Aggregated,28.900000,0.100000,2800,3800,4500,4900,6400,7100,9100,10000,10000,11000,11000,1574,3,2800,3183.0447635959913,6.720799996401183,10600.365300000703,172.69758576874204
1786336850,100,,Aggregated,31.900000,0.100000,2800,3800,4500,4900,6400,7100,9100,10000,10000,11000,11000,1596,3,2800,3182.3934602130953,6.720799996401183,10600.365300000703,172.7781954887218
1786336851,100,,Aggregated,31.900000,0.100000,2800,3800,4500,4900,6400,7100,9100,10000,10000,11000,11000,1596,3,2800,3182.3934602130953,6.720799996401183,10600.365300000703,172.7781954887218
1786336852,100,,Aggregated,26.700000,0.100000,2800,3800,4500,4900,6400,7000,9100,10000,10000,11000,11000,1601,5,2800,3182.5401559026263,6.720799996401183,10600.365300000703,172.40662086196127
1786336853,100,,Aggregated,26.700000,0.100000,2800,3800,4500,4900,6400,7000,9100,10000,10000,11000,11000,1601,5,2800,3182.5401559026263,6.720799996401183,10600.365300000703,172.40662086196127
1786336854,100,,Aggregated,26.700000,0.100000,2800,3800,4500,4900,6400,7000,9100,10000,10000,11000,11000,1601,5,2800,3182.5401559026263,6.720799996401183,10600.365300000703,172.40662086196127
1786336855,100,,Aggregated,26.700000,0.100000,2800,3800,4500,4900,6400,7000,9100,10000,10000,11000,11000,1601,5,2800,3182.5401559026263,6.720799996401183,10600.365300000703,172.40662086196127
1786336856,100,,Aggregated,26.700000,0.100000,2800,3800,4500,4900,6400,7000,9100,10000,10000,11000,11000,1601,5,2800,3182.5401559026263,6.720799996401183,10600.365300000703,172.40662086196127
1786336857,100,,Aggregated,26.700000,0.100000,2800,3800,4500,4900,6400,7000,9100,10000,10000,11000,11000,1601,5,2800,3182.5401559026263,6.720799996401183,10600.365300000703,172.40662086196127
1786336858,100,,Aggregated,26.700000,0.100000,2800,3800,4500,4900,6400,7000,9100,10000,10000,11000,11000,1601,5,2800,3182.5401559026263,6.720799996401183,10600.365300000703,172.40662086196127
1786336859,100,,Aggregated,26.700000,0.100000,2800,3800,4500,4900,6400,7000,9100,10000,10000,11000,11000,1601,5,2800,3182.5401559026263,6.720799996401183,10600.365300000703,172.40662086196127
1786336860,100,,Aggregated,26.700000,0.100000,2800,3800,4500,4900,6400,7000,9100,10000,10000,11000,11000,1601,5,2800,3182.5401559026263,6.720799996401183,10600.365300000703,172.40662086196127
1786336861,100,,Aggregated,2.700000,0.200000,2900,3800,4500,5000,6400,7300,9500,10000,14000,14000,14000,1608,5,2900,3229.414278731402,6.720799996401183,14497.966199996881,172.49813432835822
1786336862,100,,Aggregated,2.200000,0.200000,2900,3900,4800,5500,6900,10000,13000,14000,15000,15000,15000,1676,5,2900,3635.0114214200976,6.720799996401183,14585.5617000052,173.42661097852027
1786336863,100,,Aggregated,0.500000,0.200000,2900,3900,4800,5600,7000,10000,14000,14000,15000,15000,15000,1683,5,2900,3674.1218137255382,6.720799996401183,14585.5617000052,173.17409387997623
1786336864,100,,Aggregated,1.500000,0.200000,2900,3900,4800,5600,7000,10000,14000,14000,15000,15000,15000,1684,5,2900,3678.904088658004,6.720799996401183,14585.5617000052,173.20190023752969
1786336865,100,,Aggregated,7.500000,0.000000,3000,3900,4800,5600,7200,12000,14000,14000,15000,15000,15000,1767,5,3000,3749.6412044143085,6.720799996401183,15015.301699997508,175.0
1786336866,100,,Aggregated,8.200000,0.000000,3000,3900,4700,5400,7000,12000,14000,14000,15000,15000,15000,1843,5,3000,3654.286844058622,6.720799996401183,15015.301699997508,172.05317417254477
1786336867,100,,Aggregated,8.300000,0.000000,2800,3700,4500,5200,6800,10000,14000,14000,15000,15000,15000,1981,5,2800,3451.622109035868,6.720799996401183,15015.301699997508,171.3326602725896
1786336868,100,,Aggregated,16.600000,0.000000,2800,3700,4500,5200,6800,10000,14000,14000,15000,15000,15000,1987,5,2800,3441.491228434861,6.720799996401183,15015.301699997508,171.2828384499245
1786336869,100,,Aggregated,24.300000,0.000000,2800,3700,4500,5200,6700,10000,14000,14000,15000,15000,15000,1994,5,2800,3430.5561030592125,6.720799996401183,15015.301699997508,171.31695085255768
1786336870,100,,Aggregated,24.300000,0.000000,2800,3700,4500,5200,6700,10000,14000,14000,15000,15000,15000,1994,5,2800,3430.5561030592125,6.720799996401183,15015.301699997508,171.31695085255768
1786336871,100,,Aggregated,24.300000,0.000000,2800,3700,4500,5200,6700,10000,14000,14000,15000,15000,15000,1994,5,2800,3430.5561030592125,6.720799996401183,15015.301699997508,171.31695085255768
1786336872,100,,Aggregated,39.300000,0.000000,2800,3700,4500,5100,6700,10000,14000,14000,15000,15000,15000,2009,7,2800,3423.684807864643,6.720799996401183,15015.301699997508,171.20209059233449
1786336873,100,,Aggregated,39.300000,0.000000,2800,3700,4500,5100,6700,10000,14000,14000,15000,15000,15000,2009,7,2800,3423.684807864643,6.720799996401183,15015.301699997508,171.20209059233449
1786336874,100,,Aggregated,39.300000,0.000000,2800,3700,4500,5100,6700,10000,14000,14000,15000,15000,15000,2009,7,2800,3423.684807864643,6.720799996401183,15015.301699997508,171.20209059233449
1786336875,100,,Aggregated,39.300000,0.000000,2800,3700,4500,5100,6700,10000,14000,14000,15000,15000,15000,2009,7,2800,3423.684807864643,6.720799996401183,15015.301699997508,171.20209059233449
1786336876,100,,Aggregated,39.300000,0.000000,2800,3700,4500,5100,6700,10000,14000,14000,15000,15000,15000,2009,7,2800,3423.684807864643,6.720799996401183,15015.301699997508,171.20209059233449
1786336877,100,,Aggregated,39.300000,0.000000,2800,3700,4500,5100,6700,10000,14000,14000,15000,15000,15000,2009,7,2800,3423.684807864643,6.720799996401183,15015.301699997508,171.20209059233449
1786336878,100,,Aggregated,39.300000,0.000000,2800,3700,4500,5100,6700,10000,14000,14000,15000,15000,15000,2009,7,2800,3423.684807864643,6.720799996401183,15015.301699997508,171.20209059233449
1786336879,100,,Aggregated,39.300000,0.000000,2800,3700,4500,5100,6700,10000,14000,14000,15000,15000,15000,2009,7,2800,3423.684807864643,6.720799996401183,15015.301699997508,171.20209059233449
1786336880,100,,Aggregated,39.300000,0.000000,2800,3700,4500,5100,6700,10000,14000,14000,15000,15000,15000,2009,7,2800,3423.684807864643,6.720799996401183,15015.301699997508,171.20209059233449
1786336881,100,,Aggregated,39.300000,0.000000,2800,3700,4500,5100,6700,10000,14000,14000,15000,15000,15000,2009,7,2800,3423.684807864643,6.720799996401183,15015.301699997508,171.20209059233449
1786336882,100,,Aggregated,39.300000,0.000000,2800,3700,4500,5100,6700,10000,14000,14000,15000,15000,15000,2009,7,2800,3423.684807864643,6.720799996401183,15015.301699997508,171.20209059233449
1786336883,100,,Aggregated,39.300000,0.000000,2800,3700,4500,5100,6700,10000,14000,14000,15000,15000,15000,2009,7,2800,3423.684807864643,6.720799996401183,15015.301699997508,171.20209059233449
1786336884,100,,Aggregated,39.300000,0.000000,2800,3700,4500,5100,6700,10000,14000,14000,15000,15000,15000,2009,7,2800,3423.684807864643,6.720799996401183,15015.301699997508,171.20209059233449
1786336885,100,,Aggregated,39.300000,0.000000,2800,3700,4500,5100,6700,10000,14000,14000,15000,15000,15000,2009,7,2800,3423.684807864643,6.720799996401183,15015.301699997508,171.20209059233449
1786336886,100,,Aggregated,0.000000,0.000000,2900,3800,4700,5600,8900,14000,16000,17000,17000,17000,17000,2079,7,2900,3844.8169599326634,6.720799996401183,16911.85519999999,171.90860990860992
1786336887,100,,Aggregated,0.000000,0.000000,2900,3900,4800,5700,9300,14000,16000,17000,17000,17000,17000,2089,7,2900,3898.6148317855427,6.720799996401183,16911.85519999999,171.99042604116804
1786336888,100,,Aggregated,0.000000,0.000000,2900,3900,4800,5700,9400,14000,16000,17000,17000,17000,17000,2091,7,2900,3910.430720229556,6.720799996401183,16911.85519999999,172.00669536107125
1786336889,100,,Aggregated,8.000000,0.000000,2900,3900,4800,5700,9800,14000,16000,17000,18000,18000,18000,2099,7,2900,3948.866823630301,6.720799996401183,17697.8237000003,172.03001429252024
1786336890,100,,Aggregated,8.000000,0.000000,3000,3800,4700,5700,9800,14000,16000,17000,18000,18000,18000,2202,7,3000,3987.432782016335,6.720799996401183,17746.025300002657,173.2057220708447
1786336892,100,,Aggregated,8.300000,0.000000,2800,3700,4500,5300,8800,14000,16000,17000,18000,18000,18000,2395,7,2800,3713.772354780825,6.720799996401183,17746.025300002657,170.4250521920668
1786336893,100,,Aggregated,8.300000,0.000000,2800,3700,4500,5300,8800,14000,16000,17000,18000,18000,18000,2395,7,2800,3713.772354780825,6.720799996401183,17746.025300002657,170.4250521920668
1786336894,100,,Aggregated,19.300000,0.000000,2800,3700,4500,5300,8800,14000,16000,17000,18000,18000,18000,2396,7,2800,3712.3353484140534,6.720799996401183,17746.025300002657,170.43280467445743
1786336895,100,,Aggregated,19.300000,0.000000,2800,3700,4500,5300,8800,14000,16000,17000,18000,18000,18000,2396,7,2800,3712.3353484140534,6.720799996401183,17746.025300002657,170.43280467445743
1786336896,100,,Aggregated,38.600000,0.000000,2800,3700,4500,5300,8600,14000,16000,17000,18000,18000,18000,2402,7,2800,3706.509540424676,6.720799996401183,17746.025300002657,170.49208992506246
1786336897,100,,Aggregated,38.600000,0.000000,2800,3700,4500,5300,8600,14000,16000,17000,18000,18000,18000,2402,7,2800,3706.509540424676,6.720799996401183,17746.025300002657,170.49208992506246
1786336898,100,,Aggregated,38.600000,0.000000,2800,3700,4500,5300,8600,14000,16000,17000,18000,18000,18000,2402,7,2800,3706.509540424676,6.720799996401183,17746.025300002657,170.49208992506246
1786336899,100,,Aggregated,38.600000,0.000000,2800,3700,4500,5300,8600,14000,16000,17000,18000,18000,18000,2402,7,2800,3706.509540424676,6.720799996401183,17746.025300002657,170.49208992506246
1786336900,100,,Aggregated,38.600000,0.000000,2800,3700,4500,5300,8600,14000,16000,17000,18000,18000,18000,2402,7,2800,3706.509540424676,6.720799996401183,17746.025300002657,170.49208992506246
1786336901,100,,Aggregated,31.300000,0.000000,2800,3700,4500,5600,8400,14000,16000,17000,18000,18000,18000,2437,7,2800,3742.32320254414,6.720799996401183,17746.025300002657,170.8215018465326
1786336902,100,,Aggregated,31.300000,0.000000,2800,3700,4500,5600,8400,14000,16000,17000,18000,18000,18000,2437,7,2800,3742.32320254414,6.720799996401183,17746.025300002657,170.8215018465326
1786336903,100,,Aggregated,30.300000,0.000000,2800,3700,4600,5600,8400,14000,16000,17000,18000,18000,18000,2439,7,2800,3745.239616974197,6.720799996401183,17746.025300002657,170.83640836408364
1786336904,100,,Aggregated,30.300000,0.000000,2800,3700,4600,5600,8400,14000,16000,17000,18000,18000,18000,2439,7,2800,3745.239616974197,6.720799996401183,17746.025300002657,170.83640836408364
1786336905,100,,Aggregated,30.300000,0.000000,2800,3700,4600,5600,8400,14000,16000,17000,18000,18000,18000,2439,7,2800,3745.239616974197,6.720799996401183,17746.025300002657,170.83640836408364
1786336906,100,,Aggregated,30.300000,0.000000,2800,3700,4600,5600,8400,14000,16000,17000,18000,18000,18000,2439,7,2800,3745.239616974197,6.720799996401183,17746.025300002657,170.83640836408364
1786336907,100,,Aggregated,30.300000,0.000000,2800,3700,4600,5600,8400,14000,16000,17000,18000,18000,18000,2439,7,2800,3745.239616974197,6.720799996401183,17746.025300002657,170.83640836408364
1786336908,100,,Aggregated,30.300000,0.000000,2800,3700,4600,5600,8400,14000,16000,17000,18000,18000,18000,2439,7,2800,3745.239616974197,6.720799996401183,17746.025300002657,170.83640836408364
1786336909,100,,Aggregated,30.300000,0.000000,2800,3700,4600,5600,8400,14000,16000,17000,18000,18000,18000,2439,7,2800,3745.239616974197,6.720799996401183,17746.025300002657,170.83640836408364
1786336910,100,,Aggregated,30.300000,0.000000,2800,3700,4600,5600,8400,14000,16000,17000,18000,18000,18000,2439,7,2800,3745.239616974197,6.720799996401183,17746.025300002657,170.83640836408364
1786336911,100,,Aggregated,30.300000,0.000000,2800,3700,4600,5600,8400,14000,16000,17000,18000,18000,18000,2439,7,2800,3745.239616974197,6.720799996401183,17746.025300002657,170.83640836408364
1786336912,100,,Aggregated,30.300000,0.000000,2800,3700,4600,5600,8400,14000,16000,17000,18000,18000,18000,2439,7,2800,3745.239616974197,6.720799996401183,17746.025300002657,170.83640836408364
1786336913,100,,Aggregated,0.200000,0.000000,2900,3900,5100,6100,12000,16000,17000,17000,18000,18000,18000,2546,7,2900,4172.511047839786,6.720799996401183,17746.025300002657,171.7234878240377
1786336914,100,,Aggregated,0.200000,0.000000,2700,3700,4700,5800,12000,15000,17000,17000,18000,18000,18000,2735,7,2700,3920.0447093601806,6.720799996401183,17746.025300002657,168.87312614259596
1786336915,100,,Aggregated,0.200000,0.000000,2600,3700,4700,5800,12000,15000,17000,17000,18000,18000,18000,2795,7,2600,3843.2749119857162,6.720799996401183,17746.025300002657,169.97066189624329
1786336916,100,,Aggregated,0.200000,0.000000,2600,3700,4700,5800,12000,15000,17000,17000,18000,18000,18000,2795,7,2600,3843.2749119857162,6.720799996401183,17746.025300002657,169.97066189624329
1786336917,100,,Aggregated,35.600000,0.000000,2600,3700,4700,5800,12000,15000,17000,17000,18000,18000,18000,2803,7,2600,3834.8354383161163,6.720799996401183,17746.025300002657,170.04709240099893
1786336918,100,,Aggregated,35.600000,0.000000,2600,3700,4700,5800,12000,15000,17000,17000,18000,18000,18000,2803,7,2600,3834.8354383161163,6.720799996401183,17746.025300002657,170.04709240099893
1786336919,100,,Aggregated,35.600000,0.000000,2600,3700,4700,5800,12000,15000,17000,17000,18000,18000,18000,2803,7,2600,3834.8354383161163,6.720799996401183,17746.025300002657,170.04709240099893
1786336920,100,,Aggregated,35.600000,0.000000,2600,3700,4700,5800,12000,15000,17000,17000,18000,18000,18000,2803,7,2600,3834.8354383161163,6.720799996401183,17746.025300002657,170.04709240099893
1786336921,100,,Aggregated,35.600000,0.000000,2600,3700,4700,5800,12000,15000,17000,17000,18000,18000,18000,2803,7,2600,3834.8354383161163,6.720799996401183,17746.025300002657,170.04709240099893
1786336922,100,,Aggregated,35.600000,0.000000,2600,3700,4700,5800,12000,15000,17000,17000,18000,18000,18000,2803,7,2600,3834.8354383161163,6.720799996401183,17746.025300002657,170.04709240099893
1786336923,100,,Aggregated,35.600000,0.000000,2600,3700,4700,5800,12000,15000,17000,17000,18000,18000,18000,2803,7,2600,3834.8354383161163,6.720799996401183,17746.025300002657,170.04709240099893
1786336924,100,,Aggregated,36.400000,0.000000,2600,3700,4800,5900,12000,15000,17000,17000,18000,18000,18000,2837,7,2600,3871.6777895312325,6.720799996401183,17746.025300002657,170.26542121959815
1786336925,100,,Aggregated,36.400000,0.000000,2700,3700,4800,5900,12000,15000,17000,17000,18000,18000,18000,2838,7,2600,3872.8598498238553,6.720799996401183,17746.025300002657,170.21952078928823
1786336926,100,,Aggregated,36.400000,0.000000,2700,3700,4800,5900,12000,15000,17000,17000,18000,18000,18000,2838,7,2600,3872.8598498238553,6.720799996401183,17746.025300002657,170.21952078928823
1786336927,100,,Aggregated,36.400000,0.000000,2700,3700,4800,5900,12000,15000,17000,17000,18000,18000,18000,2838,7,2600,3872.8598498238553,6.720799996401183,17746.025300002657,170.21952078928823
1786336928,100,,Aggregated,36.400000,0.000000,2700,3700,4800,5900,12000,15000,17000,17000,18000,18000,18000,2838,7,2600,3872.8598498238553,6.720799996401183,17746.025300002657,170.21952078928823
1786336929,100,,Aggregated,36.400000,0.000000,2700,3700,4800,5900,12000,15000,17000,17000,18000,18000,18000,2838,7,2600,3872.8598498238553,6.720799996401183,17746.025300002657,170.21952078928823
1786336930,100,,Aggregated,36.400000,0.000000,2700,3700,4800,5900,12000,15000,17000,17000,18000,18000,18000,2838,7,2600,3872.8598498238553,6.720799996401183,17746.025300002657,170.21952078928823
1786336931,100,,Aggregated,36.400000,0.000000,2700,3700,4800,5900,12000,15000,17000,17000,18000,18000,18000,2838,7,2600,3872.8598498238553,6.720799996401183,17746.025300002657,170.21952078928823
1786336932,100,,Aggregated,36.400000,0.000000,2700,3700,4800,5900,12000,15000,17000,17000,18000,18000,18000,2838,7,2600,3872.8598498238553,6.720799996401183,17746.025300002657,170.21952078928823
1786336933,100,,Aggregated,36.400000,0.000000,2700,3700,4800,5900,12000,15000,17000,17000,18000,18000,18000,2838,7,2600,3872.8598498238553,6.720799996401183,17746.025300002657,170.21952078928823
1786336934,100,,Aggregated,36.400000,0.000000,2700,3700,4800,5900,12000,15000,17000,17000,18000,18000,18000,2838,7,2600,3872.8598498238553,6.720799996401183,17746.025300002657,170.21952078928823
1786336935,100,,Aggregated,36.400000,0.000000,2700,3700,4800,5900,12000,15000,17000,17000,18000,18000,18000,2838,7,2600,3872.8598498238553,6.720799996401183,17746.025300002657,170.21952078928823
1786336936,100,,Aggregated,0.100000,0.000000,2800,3900,5500,6500,13000,16000,17000,18000,18000,19000,19000,2938,7,2800,4269.143618175649,6.720799996401183,18598.91900000366,170.98298162014976
1786336937,100,,Aggregated,0.000000,0.000000,2300,3700,4900,6100,12000,16000,17000,18000,18000,19000,19000,3195,7,2300,3965.1251352112863,6.720799996401183,18598.91900000366,169.6300469483568
1786336938,100,,Aggregated,0.000000,0.000000,2300,3700,4900,6100,12000,16000,17000,18000,18000,19000,19000,3195,7,2300,3965.1251352112863,6.720799996401183,18598.91900000366,169.6300469483568
